,Large Individual Contributions,Small Individual Contributions (< $200),PAC Contributions,Other,Candidate self-financing,Labor,Business,Ideological
Bradley Byrne,0.22712512867789328,0.008321684117089863,0.7223427287315904,0.04221045847342643,0.0,0.017471785427586532,0.922793596826746,0.05973461774566747
Martha Roby,0.29393723082501216,0.01835361705935007,0.6535376279429767,0.03417152417266114,0.0,0.004820874386091778,0.7068305763957938,0.2883485492181144
Mike D Rogers,0.3847743606229991,0.008097861755603392,0.5942431995591065,0.012884578062291017,0.0,0.014738031490260617,0.9229937854633883,0.06226818304635111
Robert B Aderholt,0.28566468516954796,0.017143592376257726,0.6895868597904363,0.0076048626637579995,0.0,0.015044055576502314,0.9606033794590345,0.02435256496446312
Mo Brooks,0.5639861983797406,0.24196893045393233,0.20246285249385843,-0.008417981327531424,0.0,0.023232658479920346,0.7653501493528045,0.21141719216727514
Gary Palmer,0.24392764338549636,0.005857767215094365,0.26152104315989483,0.48869354623951444,0.0,0.0031245410830284303,0.8475286442303787,0.14934681468659292
Terri A Sewell,0.1763647438781016,0.008578342014132333,0.8150075552678783,4.935883988777595e-05,0.0,0.06147493127858241,0.9115653921551119,0.02695967656630569
Jeff Sessions,0.29544907719510893,0.0065587129079192575,0.5626630031391936,0.13532920675777818,0.0,0.0,0.8964226667070061,0.10357733329299394
Doug Jones,0.4266041247297804,0.5512903559481516,0.03496926527234473,-0.012863745950276674,0.0,0.1633042453491961,0.5620247481691405,0.27467100648166337
Luther Strange,0.5699520876112252,0.008877747851053806,0.30571055228139415,0.09768136039183267,0.017778251864494166,0.0045779383227834295,0.7683832499161161,0.22703881176110055
Richard C Shelby,0.4148405077117455,0.0025484095196314453,0.47157044559622524,0.11104063717239779,0.0,0.014209127444904731,0.8952263813141499,0.09056449124094543
Don Young,0.5086577423463048,0.0375683522056445,0.45618003345601627,-0.002406128007965563,0.0,0.2510260690572716,0.6132405493167609,0.13573338162596757
Dan Sullivan,0.6805728329805064,0.04615418692455677,0.1461680648521224,0.12704192918729723,6.298605551716905e-05,0.015466426169468037,0.627003417736485,0.35753015609404687
Lisa Murkowski,0.512536384782581,0.023593704320414882,0.4520046585232545,0.011865252373749571,0.0,0.04687427951789422,0.802211610957527,0.15091410952457876
Tom O'Halleran,0.5043107084034397,0.08763738255798295,0.40647923298098876,0.001572676057588578,0.0,0.1883448726870748,0.43709418064507893,0.3745609466678463
Martha McSally,0.5327201247213992,0.29315449593186355,0.058812251072495235,0.11531312827424202,0.0,0.009393218400959429,0.6248049003151044,0.36580188128393615
Raul M Grijalva,0.3438485216733351,0.26047697387276875,0.40626755477088516,-0.010593050316989006,0.0,0.5805860805860806,0.3241758241758242,0.09523809523809523
Paul Gosar,0.48850352756187887,0.1361283715284722,0.36241129371521574,0.012956807194433142,0.0,0.0,0.8801258727505162,0.11987412724948372
Andy Biggs,0.509376319311945,0.03133621550152672,0.5096054091380658,-0.050317943951537686,0.0,0.02755374601281087,0.8560754389149658,0.11637081507222323
David Schweikert,0.2718322606781563,0.016047908735474483,0.5500833176774838,0.1620365129088854,0.0,0.0027262486491437944,0.9161831210312635,0.08109063031959268
Ruben Gallego,0.3520948450315235,0.10532461284661696,0.5430664924127481,-0.00048595029088848075,0.0,0.3117119641356122,0.5625525357242925,0.12573550014009527
Debbie Lesko,0.4368336524502877,0.26291989601770976,0.2620850474817091,0.0373395774152009,0.0008218266350925761,0.020787270631366102,0.5402800612279608,0.4389326681406731
Trent Franks,0.3706636271089107,0.01927276840484125,0.8113704983076508,-0.20130689382140277,0.0,0.04361370716510903,0.7881619937694704,0.16822429906542055
Kyrsten Sinema,0.5924289061435674,0.2496702727775331,0.11592864953388582,0.04197217154501374,0.0,0.11269563163807189,0.5654476390165442,0.321856729345384
John McCain,0.5794100655671938,0.06440353425935888,0.159731973076738,0.19645442709670932,0.0,0.005870354573931923,0.706831783183421,0.28729786224264703
Jeff Flake,0.6327478657367467,0.03942206481518396,0.5444624648742048,-0.21663239542613544,0.0,0.0006921766047076315,0.8280335677966218,0.17127425559867046
Rick Crawford,0.4593677740521275,0.04857997083846769,0.4881738694996883,0.0038783856097165835,0.0,0.004020367180134561,0.8839782337320867,0.11200139908777869
French Hill,0.5381410873502547,0.029348131665170137,0.42973353802011544,0.0027772429644598094,0.0,0.003930178029204367,0.8544993071096134,0.1415705148611822
Steve Womack,0.4153680347934182,0.02512451742745416,0.5613770788219828,-0.0018696310428552674,0.0,0.00831083112844465,0.9085808575871088,0.08310831128444651
Bruce Westerman,0.520138089043839,0.04453557934997563,0.4434912188655463,-0.008164887259360903,0.0,0.013578237087453851,0.8868732750279068,0.0995484878846393
Tom Cotton,0.5398465543887567,0.18471291309018778,0.13961891479149785,0.1358216177295577,0.0,0.002189331823888556,0.7340917178771283,0.2637189502989831
John Boozman,0.48127658813129404,0.03844955869089821,0.4308885467825057,0.04938530639530203,0.0,0.011448499365929265,0.8224720832746231,0.16607941735944765
Doug LaMalfa,0.5377929099962385,0.023728273219699142,0.44158906436948964,-0.003110247585427324,0.0,0.03258209611125951,0.8296403367426951,0.13777756714604533
Jared Huffman,0.5123339740219442,0.08704566414700787,0.41428168176450814,-0.013661319933460321,0.0,0.37307165413751303,0.561193017330462,0.06573532853202493
John Garamendi,0.31334893217753784,0.04979920476598573,0.6438451542289815,-0.006993291172505096,0.0,0.3857024071135849,0.58157487619387,0.03272271669254505
Tom McClintock,0.6526874411433425,0.23909997784219952,0.11534750817068892,-0.007134927156230958,0.0,0.0,0.7955020361353277,0.2044979638646723
Mike Thompson,0.3050780317157369,0.08310084515321611,0.60647220716263,0.005348915968417091,0.0,0.09254686673174388,0.883464678201872,0.023988455066384137
Doris Matsui,0.2073616526694661,0.025358990701859627,0.7672756073785243,3.749250149970006e-06,0.0,0.10551126687563245,0.8858047239430362,0.008684009181331293
Ami Bera,0.5013318509491471,0.10265167978994534,0.40880477294826967,-0.012788303687362161,0.0,0.04780351662495411,0.7859830679776088,0.1662134153974371
Paul Cook,0.3090393885778019,0.01143448653636073,0.6772683865606252,0.0022577383252122096,0.0,0.2694362911116129,0.5166704297433582,0.21389327914502898
Jerry McNerney,0.5450489624324907,0.10084449642914811,0.36069005595823667,-0.0065835148198754604,0.0,0.3405071226896448,0.6029781216966325,0.05651475561372279
Jeff Denham,0.34627223087609466,0.019273778711692918,0.5189300663469641,0.11552392406524824,0.0,0.07126335598971452,0.6874271415620063,0.2413095024482791
Mark Desaulnier,0.3100252635246973,0.09044516072828644,0.5995295757470163,0.0,0.0,0.5405009521019482,0.4404570089351106,0.019042038962941262
Nancy Pelosi,0.33281202718520464,0.3246574355219743,0.2599569217165812,0.08257361557623981,0.0,0.21451882787327314,0.7447658097437528,0.04071536238297402
Barbara Lee,0.5666042744128715,0.20905100729793713,0.23903461574415263,-0.01468989745496127,0.0,0.41868792539320204,0.4869598333608124,0.09435224124598554
Jackie Speier,0.6108543880705659,0.035991950829794554,0.3344318718528344,0.018721789246805103,0.0,0.2736634392283113,0.6976728047334422,0.028663756038246502
Eric Swalwell,0.5990933976119956,0.07243483083749307,0.31128633769393793,0.017185433856573354,0.0,0.19513090031229283,0.7642147440574719,0.040654355630235284
Jim Costa,0.42244799453108534,0.002448890000338531,0.580986457665599,-0.0058833421970228925,0.0,0.05674999302254184,0.8284475620761195,0.11480244490133874
Ro Khanna,0.9424091405362592,0.06068587819181842,0.0,-0.003095018728077716,0.0,-1.597444089456869,2.597444089456869,0.0
Anna Eshoo,0.5705776546894851,0.04023769916573921,0.39726870361684913,-0.008084057472073414,0.0,0.1106369527422159,0.8691674130270621,0.02019563423072195
Zoe Lofgren,0.5602376305268758,0.021810079429610822,0.2898916879726382,0.1280606020708752,0.0,0.13457830398056414,0.7828442822941128,0.08257741372532297
Jimmy Panetta,0.4126169564452471,0.0174252752046311,0.5746171476404662,-0.004876281429722502,0.0002169021393781014,0.12822918621379872,0.7828096439468178,0.08896116983938339
David Valadao,0.3330256600719693,0.05955322427246251,0.4666073884882631,0.14081372716730503,0.0,0.06345920395196303,0.6777061569237608,0.2588346391242761
Devin Nunes,0.3922622197135025,0.4914082996588425,0.11323678706962946,0.0030926935580255863,0.0,0.001044128344256076,0.9545309949498992,0.04442487670584468
Kevin McCarthy,0.07342874626130468,0.002841327059508222,0.40129537568136064,0.5224345509978264,0.0,0.013236676838581849,0.97563469865441,0.011128624507008151
Salud Carbajal,0.6655049255043545,0.05521894099277261,0.2788061663786105,0.0004699671242623822,0.0,0.19466890120519584,0.38177333265075725,0.4235577661440469
Steve Knight,0.3476762935707098,0.033132972502515845,0.5050701521939317,0.11412058173284273,0.0,0.01678680291824905,0.6071318146612033,0.37608138242054767
Julia Brownley,0.5206053940190187,0.10490912859607472,0.3550459754486755,0.01943950193623113,0.0,0.28421801742389674,0.509148822549147,0.2066331600269563
Judy Chu,0.5324433717257075,0.04574621474886342,0.41794059979246334,0.003869813732965653,0.0,0.2847780756627942,0.6766245372143496,0.03859738712285629
Adam Schiff,0.472918425998311,0.3193174534552447,0.09067991294728357,0.1170842075991607,0.0,0.23930140757192514,0.6947460219830085,0.0659525704450664
Tony Cardenas,0.36701813310086456,0.04155023171113256,0.6093274093010693,-0.017895774113066476,0.0,0.1333977642749001,0.8118341496133608,0.05476808611173911
Brad Sherman,0.5276798501509496,0.023049218133519015,0.4343255893580703,0.014945342357461054,0.0,0.24658927209558512,0.73900516905347,0.014405558850944836
Pete Aguilar,0.4285033822690463,0.18928200852086832,0.3700405739871124,0.01217403522297302,0.0,0.17378541374334774,0.7552733942476035,0.07094119200904876
Grace Napolitano,0.20616399853354517,0.005858487107417818,0.7877306611267262,0.0002468532323108884,0.0,0.4114114114114114,0.5675675675675675,0.021021021021021023
Ted Lieu,0.6762190217345289,0.054215809957637286,0.2686366317548212,0.0009285365530126636,0.0,0.2306646883533035,0.6744344559014833,0.09490085574521319
Jimmy Gomez,0.4571752694271129,0.037784648026653295,0.4974430155445296,0.004370588193539686,0.00322647880816454,0.38077277239632445,0.4609217079193547,0.15830551968432086
Xavier Becerra,0.313921257633629,0.017243909281198073,0.6134378843788438,0.05539694870632917,0.0,0.13185547924326577,0.8518310926841216,0.016313428072612587
Norma Torres,0.3675692902969561,0.019892633271514186,0.6145175704113696,-0.0019794939798399107,0.0,0.2931576481427678,0.5955576146390366,0.11128473721819566
Raul Ruiz,0.47986008215436093,0.1366196358077269,0.38830915211616457,-0.004788870078252461,0.0,0.11254314834861823,0.6600829265303622,0.22737392512101962
Karen Bass,0.5100646654044052,0.0628705910080302,0.44230139494619525,-0.015236651358630685,0.0,0.2447808665554499,0.6777831480586435,0.07743598538590665
Linda Sanchez,0.2046401893993165,0.01909420574650478,0.779131114210932,-0.003217465470172306,0.00035195611341903073,0.16461816760284734,0.8155013087701722,0.019880523626980433
Ed Royce,0.7794791242756283,0.017305051934172342,0.4076829359510235,-0.20446711216082414,0.0,0.003275734993039063,0.8493980836950291,0.14732618131193187
Lucille Roybal-Allard,0.3435387994665296,0.011432848195410728,0.6486429706272404,-0.003614618289180718,0.0,0.49023924849552325,0.4848084544253633,0.02495229707911346
Mark Takano,0.5983315600578437,0.08007088106816121,0.31947056487565845,0.0021269939983366176,0.0,0.4996331621423331,0.42450476889214966,0.07586206896551724
Ken Calvert,0.5345733696407415,0.011180492761248198,0.45505407007295307,-0.0008079324749427822,0.0,0.013393996387850658,0.876775233231774,0.10983077038037539
Maxine Waters,0.3200529347559025,0.04731829284155454,0.3546270468702577,0.27800172553228525,0.0,0.13337101874260276,0.8171668815912664,0.04946209966613083
Nanette Barragan,0.5533098173345579,0.09122173942672451,0.3615880113837337,-0.006119568145016047,0.0,0.354997319221275,0.44801576627269285,0.1969869145060322
Mimi Walters,0.21556009461296124,0.06358159919080375,0.40561410495314437,0.3152442012430906,0.0,0.005495537623449759,0.7324027889353845,0.26210167344116575
Lou Correa,0.3486017646580249,0.010063324920408005,0.6528394293515432,-0.01150451892997603,0.0,0.13533301394742042,0.7983538092183435,0.066313176834236
Alan Lowenthal,0.32325067433837895,0.05041471988418336,0.6407261908324178,-0.01439158505498013,0.0,0.45054108599961723,0.5233615185204517,0.026097395479931104
Dana Rohrabacher,0.7234838600257169,0.0536016820381574,0.12526809575854586,0.09764636217757994,0.0,0.0,0.3608393424049662,0.6391606575950338
Darrell Issa,0.32054100312734646,0.24488424773033526,0.2854613784089214,0.1383686476565127,0.010744723076884182,0.0,0.7123194945848376,0.28768050541516244
Duncan D. Hunter,0.4871820471860408,0.0712270623412796,0.4163603192157505,0.025230571256929086,0.0,0.1102389127120938,0.5841750601911871,0.30558602709671906
Juan Vargas,0.2124813858802303,0.00329906477201756,0.7717536349436941,0.012465914404058077,0.0,0.15990696322139847,0.8161069922953917,0.02398604448320977
Scott Peters,0.36491541640892355,0.07415410771771246,0.5686973442999746,-0.007766868426610666,0.0,0.04553465547627939,0.8399820482077691,0.11448329631595154
Susan Davis,0.19479613630678647,0.045544630659406206,0.7608810682880838,-0.0012218352542764234,0.0,0.1232134056185313,0.8137013307047807,0.06308526367668803
Kamala Harris,0.5777854757403879,0.34873597217694796,0.039824388604480274,0.033654163478183834,0.0,0.2511629849928811,0.4130131319542673,0.33582388305285155
Dianne Feinstein,0.2752577035785409,0.07762069505722297,0.11458437485571452,0.27116572850162646,0.26137149800689513,0.056781879045045544,0.7837517857104952,0.15946633524445925
Diana DeGette,0.39545835609130287,0.059807943907426935,0.5466675981556518,-0.0019338981543815972,0.0,0.13036170990135185,0.8411399342345633,0.028498355864084765
Scott Tipton,0.4913250592461098,0.04742460530940895,0.4662741283798,-0.005023792935318744,0.0,0.001363945731327242,0.8892857970967051,0.10935025717196764
Ken Buck,0.47271572020951186,0.03848258586476871,0.508495410066749,-0.01969371614102963,0.0,0.01286947457152693,0.8612895856994398,0.1258409397290332
Douglas L Lamborn,0.3062759030754015,0.01914031224979984,0.6753932557810954,-0.0008094711062968022,0.0,0.0021420982280563458,0.8085349761798677,0.18932292559207595
Mike Coffman,0.5307796571504105,0.07354098109007877,0.3453733640770127,0.05030599768249796,0.0,0.008294374905745739,0.6135952345045996,0.3781103905896547
Ed Perlmutter,0.28374010081044926,0.0813312099253893,0.6354166845236361,-0.00048799525947462225,0.0,0.1224958258215875,0.8047167994148605,0.07278737476355199
Michael Bennet,0.5715793824428268,0.10922015075612262,0.21746071813787105,0.10131023411851107,0.00042951454466843886,0.04844743432170623,0.7831336202009543,0.1684189454773394
Cory Gardner,0.5291270150411622,0.12360113236699483,0.2492254321544119,0.09804642043743106,0.0,0.004474168591011097,0.7568251408142879,0.23870069059470106
John B Larson,0.25273862195609975,0.042240913958588124,0.7097116826676739,-0.004691218582361866,0.0,0.13932026603330352,0.8481244582831483,0.012555275683548172
Joe Courtney,0.33438656746893963,0.09464621978823624,0.563986373401606,0.006980839341218192,0.0,0.3304677025001972,0.6450824197491916,0.02444987775061125
Rosa L DeLauro,0.4421715348573445,0.0990147528946016,0.4636679053848412,-0.00485419313678731,0.0,0.40877393614734436,0.4966422755139769,0.09458378833867875
Jim Himes,0.37692192246843725,0.0813104648014643,0.47832254442416244,0.063445068305936,0.0,0.03381473215658065,0.9464774271292522,0.019707840714167143
Elizabeth Esty,0.719053155672221,0.07754811258845012,0.5209908553983109,-0.317592123658982,0.0,0.22107563006554568,0.45998346095286374,0.3189409089815906
Christopher S Murphy,0.5918348652537564,0.2704660554950563,0.11922130501392665,0.018477774237260623,0.0,0.08987163335036456,0.7469924901709836,0.16313587647865188
Richard Blumenthal,0.6559066079785851,0.09179987588160307,0.2348792586135869,0.017395140287381827,1.9117238843046805e-05,0.12805635051315473,0.6743532248802003,0.19759042460664492
Lisa Blunt Rochester,0.24145166652845185,0.06486180926505977,0.6936926107309992,-0.0009799304462411527,0.0009738439217303381,0.17793536212294844,0.7338587595891924,0.08820587828785915
Tom Carper,0.353836853697162,0.03400408026443604,0.6159862199003087,-0.0038271538619067177,0.0,0.060472652505703176,0.8267608433160505,0.11276650417824631
Chris Coons,0.5666387955594685,0.04701044059622599,0.3514138484776756,0.02292980397699697,0.012007111389632969,0.07327750699763916,0.7406909754517933,0.18603151755056752
Matt Gaetz,0.6030455510339491,0.1850592420862541,0.2655976514423021,-0.05370244456250523,0.0,0.0030275690437120417,0.8680010172631987,0.12897141369308926
Neal Dunn,0.6031311829246357,0.024276035733557168,0.3832543917501049,-0.01066161040829786,0.0,0.0,0.8714293714573724,0.12857062854262755
Ted Yoho,0.6607485788802355,0.04832520089802266,0.3081825569955943,-0.017256336773852493,0.0,0.00890967019964789,0.8357092453865728,0.15538108441377935
John Rutherford,0.5678973406316125,0.009083526221153751,0.4975251582011265,-0.07450602505389269,0.0,0.01727614435946227,0.8736768324436119,0.10904702319692583
Al Lawson,0.33694672431481754,0.046938663344569836,0.7480213982119303,-0.1319067858713176,0.0,0.16557241695991382,0.7095859806523112,0.12484160238777502
Ron DeSantis,0.4221398559712327,0.23461401636428317,0.36007191823627255,-0.016825790571788436,0.0,0.013755158184319119,0.6327372764786795,0.3535075653370014
Stephanie Murphy,0.4447435610962127,0.08197683583541453,0.4696608487259145,0.003618754342458202,0.0,0.11098676176409979,0.5753010391673938,0.31371219906850634
Bill Posey,0.5592773975934875,0.059320641304230315,0.38189169612644464,-0.0004897350241624234,0.0,0.014280043068609895,0.9356541259328438,0.05006583099854629
Darren Soto,0.398069518364327,0.021729395897776425,0.5852744718521885,-0.005073386114291912,0.0,0.20606481033963164,0.5186999266491156,0.27523526301125284
Val Demings,0.25507628352192063,0.03974290626141857,0.7051233055593825,5.750465727823269e-05,0.0,0.2950379402843209,0.6032664686988667,0.10169559101681237
Daniel Webster,0.6162192994674042,0.12306909153617075,0.26070497642119506,6.632575229984546e-06,0.0,0.0,0.936908119294128,0.06309188070587196
Gus Bilirakis,0.47578456811958436,0.04633769266351199,0.46611125815364596,0.011766481063257698,0.0,0.0021284226366261095,0.9344413901579609,0.063430187205413
Charlie Crist,0.7003782816892448,0.045049676582490185,0.3162911107819439,-0.061719069053678854,0.0,0.210399394697126,0.5278344237686577,0.2617661815342162
Kathy Castor,0.3945132502735587,0.0798039088867975,0.5260445059245756,-0.0003616650849318974,0.0,0.1443524022012475,0.8328551132406607,0.022792484558091713
Dennis Ross,0.2651070443152547,0.0021943983533924886,0.7903217327659529,-0.057623175434600056,0.0,0.01578055905260537,0.9575678301029944,0.02665161084440018
Vernon Buchanan,0.35233302556009166,0.007318074525632877,0.4613043689231848,0.006976002290576254,0.1720685287005144,0.008179861775208476,0.8596410081754,0.1321791300493915
Tom Rooney,0.19228372531913757,0.005675040504210658,0.9335998005946552,-0.13155856641800345,0.0,0.010243277848911651,0.93854033290653,0.05121638924455826
Brian Mast,0.4054843340504275,0.3078404029078839,0.18647392400990526,0.10020133903178333,0.0,0.09049926314080355,0.5193344577718904,0.39016627908730606
Francis Rooney,0.46394928782906314,0.012884492020062758,0.0,0.03154402708994307,0.491622193060931,-0.0,-0.11912181303116147,1.1191218130311615
Alcee L Hastings,0.469191471780658,0.030493592936324775,0.48447312024191086,0.015841815041106343,0.0,0.24301640987097584,0.5286233245647,0.22836026556432418
Lois J Frankel,0.4371962408315773,0.06898256221530173,0.48901222046992676,0.004808976483194167,0.0,0.3859630141318641,0.5578590808462474,0.056177905021888574
Ted Deutch,0.6987644603981079,0.030726536718027518,0.2855307609615803,-0.015021758077715691,0.0,0.18333561362703515,0.6526200574634012,0.16404432890956355
Debbie Wasserman Schultz,0.5476936417929834,0.17064727313973346,0.26517196494383094,0.01648712012345216,0.0,0.2614892369315395,0.6681452954228239,0.07036546764563664
Frederica Wilson,0.06430016040170165,0.013317525629402329,0.9218467117651161,0.000535602203779901,0.0,0.38929864406017406,0.560241505700344,0.05045985023948191
Mario Diaz-Balart,0.41765390006942693,0.002979167495810062,0.5887638909156838,-0.009396958480920857,0.0,0.1379705277150152,0.7137972011269077,0.14823227115807713
Carlos Curbelo,0.369375407739292,0.011783947924092573,0.47368260797565065,0.14515803636096475,0.0,0.042468820807390575,0.7169307366841511,0.24060044250845838
Bill Nelson,0.5633805669087669,0.21675597216454176,0.0985953333637438,0.12125890926344537,9.218299502075039e-06,0.1077859581952459,0.6334502073312703,0.2587638344734838
Marco Rubio,0.5174636033599431,0.20604754630342567,0.1365966780765401,0.1398921722600911,0.0,0.00739391257727726,0.7796196513378777,0.212986436084845
Buddy Carter,0.47575638406622267,0.041018100413392516,0.6314000822014912,-0.14817456668110646,0.0,0.012451251128394633,0.9428585404465553,0.044690208425050136
Sanford Bishop,0.18905353963365878,0.005858814889859104,0.8041942610772965,0.0008933843991855908,0.0,0.16398032682283098,0.7884107182896071,0.04760895488756192
Drew Ferguson,0.39691833170652807,0.02829119787583806,0.5825054509320032,-0.007714980514369402,0.0,0.058573992044962775,0.8728903026276982,0.06853570532733903
Hank Johnson,0.07038858655562412,0.008793638326299669,0.9241424020845411,-0.0033246269664649036,0.0,0.36521482772200553,0.5951219619516552,0.03966321032633925
John Lewis,0.33412154210790224,0.5579095989607399,0.15278157144795054,-0.04481271251659266,0.0,0.2390471781490678,0.7109077900761752,0.05004503177475696
Tom Price,0.3415943055990606,0.06109781710066191,0.5700408919196951,0.027266985380582413,0.0,0.0028168152603783546,0.9769061388866981,0.020277045852923614
Karen Handel,0.4612183361770618,0.33136241074491873,0.17893338306979914,0.028474356937431066,1.1513070789267055e-05,0.0020051076776241347,0.6702740781684544,0.3277208141539214
Rob Woodall,0.37453227409748097,0.03569263841858135,0.5869707524830892,0.002804335000848574,0.0,0.019486529936181614,0.7839848561824496,0.1965286138813688
Austin Scott,0.23735621155099013,0.008606222246124999,0.7558710178957109,-0.001833451692825948,0.0,0.026681759379042692,0.8869663648124192,0.08635187580853816
Doug Collins,0.3191169056191105,0.0312818218614857,0.6457041818452952,0.003897090674108633,0.0,0.014706475097580185,0.9231515867197262,0.06214193818269364
Jody Hice,0.6654081745272606,0.03633991857356584,0.30093444191008756,-0.0026825350109140854,0.0,0.0,0.851176303218174,0.14882369678182608
Barry Loudermilk,0.280733417620615,0.01627398964662025,0.7035839441007379,-0.0005913513679731196,0.0,0.008327240568983693,0.9164044973760865,0.07526826205492981
Richard W Allen,0.5788176835248748,0.05639792652323842,0.3647843899518867,0.0,0.0,0.018224053807126335,0.8717172404408763,0.11005870575199736
David Scott,0.05737996357145261,0.0022588245564419693,0.9407758753172494,-0.0004146634451439364,0.0,0.09616510691941269,0.8733400807596472,0.030494812320940094
Tom Graves,0.31784288207787237,0.003769042227033558,0.6241492938901405,0.05423878180495353,0.0,0.013553279136161823,0.9415662328820091,0.04488048798182904
David Perdue,0.5227791895108862,0.026838870674530054,0.13882861027149213,0.08145629656698732,0.23009703297610434,0.004853649796927513,0.7373854696919114,0.2577608805111611
Johnny Isakson,0.5949306916267992,0.030516516116947102,0.3546949286846276,0.019857863571626087,0.0,0.009029075239418732,0.8612082897152634,0.12976263504531788
Colleen Hanabusa,-0.07448563243337095,-0.11981446802177768,-1.4410973174754753,2.635397417930624,-0.0,0.3978911767631553,0.49811453840102005,0.10399428483582468
Tulsi Gabbard,0.600639691155846,0.39294903511335705,0.0192007881960178,-0.012789514465220923,0.0,0.17191977077363896,0.6275071633237822,0.20057306590257878
Brian Schatz,0.6493096617139237,0.050891113210392976,0.28724312193167756,0.01255610314400577,0.0,0.1679862590725003,0.623286135196348,0.20872760573115165
Mazie K Hirono,0.5223175312788377,0.11586174301877913,0.3401233059633425,0.021697419739040595,0.0,0.18992620422948894,0.5876468572547484,0.22242693851576267
Raul Labrador,0.48833238474672735,0.015606146841206602,0.5179282868525896,-0.02186681844052362,0.0,0.0,0.5381165919282511,0.4618834080717489
Mike Simpson,0.3008031950860386,0.01909450293896999,0.6801023019749914,0.0,0.0,0.051761462215443,0.8968046797603509,0.05143385802420602
James E Risch,0.372346252869221,0.146864695954963,0.4393269084682569,0.04146214270755914,0.0,0.0008527650052530324,0.7528917261328131,0.24625550886193392
Mike Crapo,0.42752709654556187,0.020372453932849848,0.6476721075745673,-0.09557165805297907,0.0,0.002549414017188149,0.8765239759641247,0.12092661001868721
Bobby L Rush,0.07862795194570206,0.002428082927574273,0.9060010923784599,0.012942872748263714,0.0,0.22980644278777101,0.7427672525819028,0.027426304630326245
Robin Kelly,0.2807978915222784,0.06550248707782512,0.6534820579712161,0.00021756342868042315,0.0,0.25956399268104774,0.6746406731510015,0.06579533416795069
Daniel Lipinski,0.36794055990982166,0.07105326332622802,0.563999100232692,-0.002992923468741592,0.0,0.25404513721794836,0.611238195854252,0.1347166669277997
Luis V Gutierrez,0.01383508577753182,0.025666851134477035,0.3707802988378528,0.5897177642501383,0.0,0.2112676056338028,0.647887323943662,0.14084507042253522
Mike Quigley,0.4682131204777212,0.03395245662826116,0.5022047049758611,-0.004370282081843465,0.0,0.15859789802894755,0.7795263897980459,0.061875712173006525
Peter Roskam,0.48705944892150593,0.05653812990609461,0.4483999687709175,0.008002452401482004,0.0,0.020998577823592858,0.8160635938747784,0.16293782830162867
Danny K Davis,0.09771648639716544,0.02028565840147303,0.8785063748181755,0.0034914803831860375,0.0,0.25711960943856793,0.6972606455112558,0.0456197450501763
Raja Krishnamoorthi,0.7783368165160085,0.036696645691268695,0.1941521445036293,-0.010815415734829461,0.0016298090239229412,0.26649280715262763,0.612720065531663,0.12078712731570941
Jan Schakowsky,0.5787315490547756,0.16401369905374483,0.26009454820953676,-0.0028397963180571877,0.0,0.4478032534904573,0.45446394261560136,0.09773280389394133
Brad Schneider,0.5518151470273447,0.21764552734626563,0.2708236217318026,-0.04028429610541288,0.0,0.1461727599131708,0.5997824126306982,0.25404482745613105
Bill Foster,0.5226291855306162,0.1301890468939031,0.31321871696347325,0.03396305061200741,0.0,0.17657337298059533,0.7995463045277582,0.023880322491646486
Mike Bost,0.35087161579513254,0.04195400467816684,0.5005838080530151,0.10659057147368557,0.0,0.11738562128366993,0.5659848195363515,0.3166295591799786
Rodney Davis,0.240201825602305,0.05058995027481162,0.6807171618812737,0.028491062241609615,0.0,0.09222339098314539,0.7571446627037517,0.1506319463131029
Randy Hultgren,0.3341646548595567,0.03369061224305785,0.6342212334124532,-0.003744553468986613,0.0016680529539189102,0.04164657248708431,0.7363785960415458,0.2219748314713699
John Shimkus,0.09284055737396395,0.019289879730722964,0.8854982566168448,0.002371306278468264,0.0,0.04115973047912825,0.9246950846586091,0.03414518486226273
Adam Kinzinger,0.22741112571803393,0.025632679498192736,0.3418217546787133,0.40513444010506006,0.0,0.06830503510789517,0.8277641663749937,0.10393079851711108
Cheri Bustos,0.4268087256158395,0.12792148227815966,0.414488628992419,0.03078116311358187,0.0,0.19253490229923348,0.6589717902750927,0.14849330742567388
Darin LaHood,0.3375343332889046,0.05080863678772897,0.5885034773214055,0.023153552601960958,0.0,0.04510265016233485,0.8940434664647918,0.06085388337287332
Dick Durbin,0.5353882135214554,0.1726159798016521,0.21108282107070458,0.08091298560618788,0.0,0.11169275717707439,0.7595909688623109,0.1287162739606147
Tammy Duckworth,0.4581025009474306,0.3345904141896174,0.08630492147774824,0.1210021633852038,0.0,0.25497581805337477,0.38779776971236213,0.35722641223426316
Pete Visclosky,0.349148542081269,0.0014848584350299601,0.6492377968583044,0.0001288026253966123,0.0,0.2716474768693783,0.7189407287877749,0.009411794342846827
Jackie Walorski,0.32144018812925446,0.03480571142256831,0.5824068973344665,0.061347203113710794,0.0,0.0026730217263205916,0.9017919937653254,0.09553498450835408
Jim Banks,0.3689536700059672,0.0951232228356832,0.5498848318096374,-0.013961724651287827,0.0,0.0019326845955374313,0.8625242793502315,0.13554303605423113
Todd Rokita,0.9423245931113389,0.03887104243544368,0.24023771056894214,-0.22143334611572466,0.0,0.02412289165926898,0.7166428654135628,0.2592342429271682
Susan Brooks,0.3299904817042656,0.02597345250594718,0.630851333752942,0.013184732036845196,0.0,0.02087819323501397,0.8868627636859377,0.09225904307904823
Luke Messer,0.813764467110699,0.021479936883253777,0.37534220833607207,-0.21058661233002493,0.0,0.0,0.8539419087136929,0.14605809128630706
Andre Carson,0.4137443304913961,0.03429378513986384,0.5356734201742261,0.01628846419451392,0.0,0.3551482170986682,0.603751969067736,0.04109981383359588
Larry Bucshon,0.2379492946798383,0.0077038926726708725,0.7356064967806556,0.018740315866835222,0.0,0.0327888980976858,0.8939593082798246,0.07325179362248956
Trey Hollingsworth,0.2258184860039046,0.013189144523368957,0.760508538729224,-2.3783814638462233e-05,0.0005076145581408939,0.014572341519162188,0.9244207715039187,0.06100688697691918
Joe Donnelly,0.5371399442774287,0.1626160499508212,0.22964061776687544,0.0697425152566738,0.0008608727482008046,0.09744557224177945,0.7212762892317406,0.18127813852647992
Todd Young,0.6166470677722105,0.05064135581947643,0.24835409218854235,0.08435748421977075,0.0,0.006798997502182383,0.7212119912099496,0.271989011287868
Rod Blum,0.4463278815744565,0.1481539158319026,0.26446502642392217,0.1405137535465848,0.00053942262313392,0.010609975662348135,0.5402926068057281,0.4490974175319238
David Loebsack,0.35427104604816617,0.10139662655577011,0.5424772349481889,0.0018550924478748236,0.0,0.18390249262800748,0.6117822921425049,0.20431521522948762
David Young,0.25300140014610223,0.03721547755707842,0.5507270323859881,0.15905608991083128,0.0,0.01646312753326375,0.7102193217849981,0.27331755068173813
Steven A. King,0.49821826484645704,0.22792125555074624,0.26822557041861617,0.005634909184180574,0.0,0.0,0.6041659703886902,0.39583402961130976
Chuck Grassley,0.4733932140111113,0.12410155964237533,0.3259814558166421,0.07652377052987125,0.0,0.004711007070461773,0.8258450102988694,0.1694439826306689
Joni Ernst,0.543203095751873,0.19370618273304055,0.14203519271150966,0.12087806705938041,0.00017746174419640373,0.001683041053218239,0.6523443078830277,0.3459726510637541
Roger Marshall,0.2867877967590313,0.013408588345850802,0.6568381260748132,0.042965488820304765,0.0,0.018130957314546208,0.8624132304185661,0.11945581226688769
Lynn Jenkins,0.0,0.010460251046025104,0.15428870292887029,0.8352510460251046,0.0,0.0,0.0,1.0
Kevin Yoder,0.4249777205015071,0.01407583766545804,0.5168151238478005,0.04413131798523437,0.0,0.021722907700642998,0.7601100968074993,0.21816699549185775
Mike Pompeo,0.3736027559470055,0.0009698993660522822,0.624646878790822,0.0007804658961201959,0.0,0.004424842392645027,0.9633434994087304,0.03223165819862454
Ron Estes,0.5130608779683503,0.01885276108789238,0.44563841200252235,0.022447948941234922,0.0,0.01357168502339882,0.7928689431728873,0.19355937180371396
Pat Roberts,0.4288734776061664,0.03882024172068593,0.5049061342502681,0.021345751290878023,0.0060543951320016125,0.0025067663891759832,0.839275163485037,0.15821807012578704
Jerry Moran,0.4300408626140605,0.02615704847478905,0.4810033896947576,0.06279869921639286,0.0,0.016113094138439237,0.8531155864033564,0.1307713194582044
James Comer,0.36500653489578855,0.00927649962677559,0.5945783951627897,0.031138570314646213,0.0,0.01836690650785415,0.8798896148918878,0.10174347860025805
Brett Guthrie,0.15427868421413993,0.0246113535074688,0.8180350688392659,0.0030748934391253997,0.0,0.011281538952333617,0.9670955113890269,0.021622949658639434
John A Yarmuth,0.40866155989295244,0.08351762443966956,0.5066664015247059,0.0011544141426721914,0.0,0.39100904965301797,0.5736297749799364,0.03536117536704563
Thomas Massie,0.45511112063492914,0.1016277693105083,0.3585003200895715,0.08476078996499103,0.0,0.0,0.9331096819560217,0.06689031804397826
Hal Rogers,0.3785244420620196,0.005399735211957514,0.6229797203782819,-0.0069038976522589005,0.0,0.04353206182664236,0.9231242312423125,0.033343706931045214
Andy Barr,0.49634595355684447,0.03965829645308191,0.39179521305026405,0.0722005369398096,0.0,0.007020193951013571,0.7369407447215404,0.256039061327446
Mitch McConnell,0.5004843207104138,0.04700139647107645,0.19638002727966955,0.1874984819101458,0.06863577362869443,0.006889232350291929,0.8640339266217758,0.12907684102793227
Rand Paul,0.3185851145938543,0.383341551893114,0.0982816427324236,0.19979169078060816,0.0,0.0,0.6817281508752393,0.31827184912476075
Steve Scalise,0.35780858730837356,0.3892268478668676,0.010662152847457923,0.2423024119773009,0.0,0.014327768397764323,0.9662142124184909,0.01945801918374476
Cedric Richmond,0.22409532032821297,0.007386472330942914,0.7785887307340327,-0.010070523393188598,0.0,0.1939130397892388,0.7669298353534111,0.03915712485735013
Clay Higgins,0.6229055307293175,0.03889365289304245,0.3423374875201104,-0.004136671142470308,0.0,0.011705998822710976,0.6854029539251887,0.30289104725210036
Mike Johnson,0.5873100275136198,0.025771792851514933,0.41224082212213015,-0.025322642487264943,0.0,0.021872372277497217,0.8117056075901993,0.16642202013230356
Ralph Abraham,0.5630412972468503,0.014360709286047596,0.5030331311245917,-0.0804351376574895,0.0,0.04810676953879353,0.8549260186608449,0.09696721180036148
Garret Graves,0.2419352860768104,0.0031209940089995812,0.3992701738436584,0.35566904955002093,4.496520510673922e-06,0.031714979379282804,0.9217460587344455,0.046538961886271706
Bill Cassidy,0.6068100970652206,0.06817701250642212,0.15512902563241604,0.16988386479594128,0.0,0.003944228143964009,0.7194868628426266,0.27656890901340936
John Kennedy,0.8110959431768772,0.027142911252522627,0.15706498036056465,0.004696165210035527,0.0,0.014668111964632248,0.7812727814113951,0.20405910662397267
Chellie Pingree,0.4060933676196343,0.2165537090935915,0.3850091043329378,-0.007656181046163562,0.0,0.41792182521506255,0.3192922744643078,0.26278590032062965
Bruce Poliquin,0.4363927517781628,0.016997304300697475,0.5511130850166878,-0.004503141095548015,0.0,0.01475214363907914,0.6861857874796014,0.29906206888131953
Angus King,0.6264374510518492,0.12298640744262837,0.25854268128934343,-0.022711380166499557,0.014744840382678563,0.1420242708336389,0.7064670888786546,0.15150864028770647
Susan Collins,0.5179158867686474,0.09676142216239864,0.3625208422690812,0.02280184879987278,0.0,0.037733444409561674,0.7496888075130591,0.21257774807737925
Andy Harris,0.5578743335163632,0.11098749096102664,0.3359689629409594,-0.004830787418349191,0.0,0.03089706914037084,0.8414289712729957,0.12767395958663355
Dutch Ruppersberger,0.2718309873113627,0.035222539253706345,0.6945886722965908,-0.0016421988616598597,0.0,0.2040019994332091,0.7809039887553243,0.01509401181146655
John Sarbanes,0.9664048165767587,0.03679891011766774,0.0,-0.0032037266944264383,0.0,2.6301946344029457,-1.0520778537611783,-0.5781167806417675
Anthony Brown,0.33910855610348967,0.019327608652646766,0.708730710594055,-0.06716687535019149,0.0,0.2822620420241902,0.618362474155417,0.09937548382039281
Steny H Hoyer,0.25400497100087455,0.009235435176466642,0.60754954351473,0.12921005030792887,0.0,0.12611911127544023,0.8496256769110374,0.024255211813522318
Elijah E Cummings,0.32174310363230857,0.08592955602204441,0.5881869917024491,0.004140348643197825,0.0,0.4175223638869201,0.543173706667256,0.03930392944582391
Jamie Raskin,0.5355521611535315,0.17313025340032026,0.2914928419735947,-0.0020910509206122294,0.0019157943931656827,0.46940800944180683,0.40482342807924204,0.12576856247895116
Ben Cardin,0.5100569582455385,0.02958520382944585,0.4598030229333388,0.0005548149916767893,0.0,0.10246365259644201,0.781113708113903,0.11642263928965496
Chris Van Hollen,0.6421506518494243,0.07494836218351635,0.11794960584360223,0.16495138012345711,0.0,0.17259811775771464,0.5976379007694117,0.22976398147287372
Richard E Neal,0.22653369176393542,0.007334961949568409,0.7532170984450128,0.012914247841483354,0.0,0.061274487117733284,0.9263965677401488,0.012328945142117935
James P McGovern,0.2927592901479314,0.19680040195783544,0.5120749706051243,-0.0016346627108911433,0.0,0.2922355019642875,0.6561567046462123,0.05160779338950011
Niki Tsongas,1.4409123458940565,0.2928448392653235,0.9144748301689601,-1.64823201532834,0.0,0.25,0.6805555555555556,0.06944444444444445
Joe Kennedy III,0.551124240895044,0.18970806338656618,0.20104854557166504,0.05811915014672481,0.0,0.17602641610216815,0.7743109586652452,0.049662625232586625
Katherine Clark,0.5681882656877854,0.06104082441861891,0.502162831670298,-0.13139192177670225,0.0,0.2798440682819527,0.6638487019790833,0.05630722973896406
Seth Moulton,0.5643513358327422,0.07276573107711014,0.28154659371094676,0.08133633937920086,0.0,0.11582424813832809,0.8083175089376482,0.07585824292402372
Michael E Capuano,0.5485161943353649,0.050210707586642325,0.43465893431902947,-0.05565642275363553,0.02227058651259875,0.20110751329544116,0.5438028415069657,0.2550896451975932
Stephen F Lynch,0.5820178860812676,0.05121035269638736,0.36883128498983775,-0.0020595237674927123,0.0,0.5196624024010398,0.40092956020911863,0.0794080373898416
Bill Keating,0.3750692739757951,0.10439969004785155,0.5212532146006895,-0.0007221786243361844,0.0,0.3536853615024075,0.52674740550806,0.11956723298953251
Elizabeth Warren,0.31076447807143187,0.5588274189980755,0.012784098439346097,0.11762400449114645,0.0,0.45640143266922684,0.10698214512573745,0.4366164222050357
Ed Markey,0.653670951731004,0.1784931876214962,0.14838180113572152,0.019454059511778234,0.0,0.18751296766812423,0.6035745413678831,0.20891249096399261
John Bergman,0.45522058471899113,0.03690430311094358,0.4959724265584958,0.01190268561156948,0.0,0.03621758341500768,0.633149880186321,0.33063253639867135
Bill Huizenga,0.3192526431717031,0.031738654452543195,0.6298553317204475,0.01915337065530626,0.0,0.005298891547586696,0.9405169144403122,0.05418419401210115
Justin Amash,0.7983110655750746,0.12527324273500468,0.06880785029957268,0.007607841390348128,0.0,0.0,0.3384646752981955,0.6615353247018044
John Moolenaar,0.49571666782166485,0.026850713489437756,0.47662240884711504,0.000810209841782359,0.0,0.0036272164559556174,0.8937914749531636,0.10258130859088081
Dan Kildee,0.2588670518633913,0.061585996133064716,0.679546952003544,0.0,0.0,0.20407381393269905,0.7467594661898985,0.04916671987740247
Fred Upton,0.34875706667217876,0.026278460473144062,0.6312992858397842,-0.006334812985107021,0.0,0.042940816104523674,0.7770455573431658,0.1800136265523105
Tim Walberg,0.4017516368226831,0.06222441721727451,0.5086841030304009,0.027339842929641433,0.0,0.002261845738501681,0.8588798254216985,0.1388583288397998
Mike Bishop,0.3620385023395221,0.034146476921018125,0.5313854006374419,0.07242962010201788,0.0,0.004544179077009066,0.7725405482779265,0.2229152726450644
Sander Levin,0.15774252913855052,0.0015116992375777758,0.9064718254316011,-0.06572605380772939,0.0,0.3790849673202614,0.5947712418300654,0.026143790849673203
Paul Mitchell,0.3211223044384238,0.01232316295906041,0.6534695993894717,0.0005490862232181457,0.012535846989825919,0.040968968632476836,0.8563354833287812,0.10269554803874194
Dave Trott,1.0500217667439933,0.0,1.012004508399578,-1.1166637843124392,0.05463750916886819,0.0,0.8782185107863605,0.12178148921363953
Debbie Dingell,0.34067915999040166,0.07828839916711175,0.5801577533690949,0.0008746874733916974,0.0,0.2030154741436318,0.7612749636291496,0.03570956222721862
John Conyers Jr.,0.21237204489836253,0.07671783901925794,0.7765951881325095,-0.06568507205012991,0.0,0.3130081300813008,0.6341463414634146,0.052845528455284556
Brenda Jones,0.6536143908567362,0.0962095775984109,0.2520030536840623,-0.0018270221392094517,0.0,0.6894409937888198,0.09937888198757763,0.2111801242236025
Brenda Lawrence,0.2864329978617497,0.04934524250197059,0.6641096212553402,0.00011213838093952366,0.0,0.409237444131658,0.5433541603319242,0.04740839553641782
Gary Peters,0.5725045820219947,0.15708238942290637,0.2577064697284105,0.012706558826688481,0.0,0.1454861449022343,0.6215371266551916,0.23297672844257408
Debbie Stabenow,0.5339338612269132,0.17290723023882246,0.2340277929549838,0.059131115579280566,0.0,0.07484817402835613,0.7716587700390107,0.15349305593263315
Tim Walz,0.22349558916194076,0.05411153119092628,0.794049306868305,-0.07165642722117202,0.0,0.0896700143472023,0.9103299856527977,0.0
Jason Lewis,0.3810605611185199,0.10106916131925982,0.3953167311967481,0.12255354636547218,0.0,0.04969888578585709,0.6145694463456932,0.33573166786844966
Erik Paulsen,0.4182597468088932,0.03187360138416999,0.49967076122600385,0.05019589058093295,0.0,0.0027636868134829225,0.7542681688225726,0.2429681443639444
Betty McCollum,0.36998940249164924,0.09412240927426932,0.5368813691078873,-0.0009931808738059013,0.0,0.26399852160827897,0.6772110383874158,0.05879044000430521
Keith Ellison,0.36454257963794584,0.5511326548868489,0.06310908435866874,0.02121568111653654,0.0,0.5389221556886228,0.36726546906187624,0.09381237524950099
Tom Emmer,0.30442770689350845,0.06790732666402581,0.5424731614595882,0.08519180498287751,0.0,0.07077656376885616,0.8463660166536013,0.08285741957754256
Collin Peterson,0.15781985733607962,0.04602272408393712,0.7959041648660632,0.0002532537139201149,0.0,0.08286252354048965,0.8574392378420295,0.059698238617480893
Rick Nolan,0.23728622144095218,0.17264976570082705,0.7652212625476496,-0.1751572496894288,0.0,0.2874008467078858,0.2691446450974414,0.44345450819467286
Tina Smith,0.49513079281181505,0.30445535272795093,0.16401858190783888,0.03580492648168938,0.0005903460707057489,0.1808867261241224,0.4541701244674541,0.3649431494084235
Al Franken,0.3303280135863485,0.5166933004217533,0.06203585843449552,0.09094282755740266,0.0,0.17967302369205665,0.5177340928212127,0.3025928834867306
Amy Klobuchar,0.49672837192267927,0.23156828065487237,0.21839189359728547,0.053311453825162905,0.0,0.09918050743363353,0.7086443623147495,0.19217513025161695
Trent Kelly,0.4642689271763619,0.05025960203359429,0.48182461599969745,0.00364685479034637,0.0,0.0022622233583610646,0.9170736783525585,0.08066409828908047
Bennie G Thompson,0.1923333816763994,0.010234917703329457,0.803554497927661,-0.006122797307389879,0.0,0.2923311984849829,0.6955124426125293,0.012156358902487794
Gregg Harper,0.1586367000874773,0.0013794495659780633,0.8714083843617523,-0.03142453401520759,0.0,0.0,0.9391480730223124,0.060851926977687626
Steven Palazzo,0.27057252197141435,0.0066990314056227,0.722728446622963,0.0,0.0,0.0035759751684284304,0.85535180443707,0.14107222039450157
Thad Cochran,0.5179279780019546,0.015944468507890323,0.4552500815042083,-0.014210395132652725,0.025087867118599505,0.01670811127828662,0.8095275314275325,0.17376435729418085
Cindy Hyde-Smith,0.5468632157121964,0.0973329259818137,0.29453355312750457,0.06127030517848525,0.0,0.00336578768611276,0.733158516360788,0.2634756959530993
Roger Wicker,0.5166519379827259,0.024647520138716038,0.3716804324676521,0.08701630354942254,3.8058614833877954e-06,0.016838807207009483,0.76998567755387,0.2131755152391205
William L Clay Jr.,0.12089606453256245,0.00629108080285887,0.8731896563417983,-0.00037680167721962566,0.0,0.23958333333333334,0.6744791666666666,0.0859375
Ann L Wagner,0.4970304490971876,0.006441603317888496,0.49964601706010686,-0.003118069475182957,0.0,0.0032638140931492542,0.9184372858122002,0.07829890009465061
Blaine Luetkemeyer,0.23345087715303053,0.014360053605825315,0.7467597392581032,0.005429329983040863,0.0,0.00457763322629301,0.9648666649882012,0.03055570178550584
Vicky Hartzler,0.44107912666385785,0.1607035581607332,0.4089738188191155,-0.010756503643706537,0.0,0.004026810504337882,0.8415631273015739,0.15441006219408823
Emanuel Cleaver,0.23436759088161274,0.032027542091295345,0.7361772914942785,-0.002572424467186582,0.0,0.18412220807776877,0.7597500289318366,0.05612776299039463
Sam Graves,0.1604744178912532,0.011393816403461682,0.8171939615250747,0.010937804180210368,0.0,0.0976031805051054,0.8727225924548808,0.02967422704001373
Billy Long,0.3203172446414521,0.010121901764486603,0.6491558858039836,0.020404967790077652,0.0,0.007248297685515002,0.9398370582680297,0.05291464404645538
Jason Smith,0.21318123427066377,0.006898184991132997,0.6842781370810391,0.0956424436571641,0.0,0.002230365534607467,0.9515646385952861,0.046204995870106486
Roy Blunt,0.5636280064190105,0.0335927645904325,0.33142198732937767,0.0713572416611794,0.0,0.016940998509738615,0.8408265677118049,0.14223243377845654
Claire McCaskill,0.5436953387205605,0.30565001848363604,0.07290039545709134,0.07322923029660193,0.0045250170421102,0.14177082834873767,0.634736566946185,0.2234926047050774
Greg Gianforte,0.5422932432906625,0.1321786694783418,0.055999637400849185,0.01888387553324633,0.2506445742969002,0.046883024722271356,0.588168855606677,0.3649481196710517
Ryan K Zinke,0.48139695439801833,0.3460367463702285,0.14067893680842805,0.03188736242332511,0.0,0.03004925766776154,0.6869849730596848,0.2829657692725537
Jon Tester,0.5873418317435479,0.1876954088216464,0.17725458623904597,0.04770817319575973,0.0,0.08664840111916818,0.7324567914382129,0.18089480744261896
Steven Daines,0.48194535809168343,0.10864518897675587,0.2936070040118917,0.115802448919669,0.0,0.015087543019091817,0.7412094487991492,0.24370300818175905
Jeff Fortenberry,0.44997336426402706,0.034604150976075075,0.49577895750616036,0.019643527253737532,0.0,0.06296733569460843,0.7884035156762429,0.14862914862914864
Don Bacon,0.3403484735505401,0.04859484167085966,0.457286870708134,0.15270248301209782,0.0010673310583684122,0.0563760003608064,0.6484968905503801,0.2951271090888135
Adrian Smith,0.1840580589510556,0.016735159742470408,0.7984253698790084,0.0007814114274656687,0.0,0.005048771129107175,0.9439586404669104,0.05099258840398247
Deb Fischer,0.43726936374169895,0.0488295804163297,0.45809711792815255,0.05580393791381879,0.0,0.029577583198903662,0.7856278666390222,0.18479455016207413
Ben Sasse,0.5493804775212966,0.15887297990135302,0.2238234499551122,0.05459241755921238,0.013330675063025781,0.0015183477137732358,0.7852125079460197,0.21326914434020705
Dina Titus,0.2926531766226423,0.06720249875466161,0.6506792142924458,-0.010534889669749721,0.0,0.37806526188624145,0.5841455942360257,0.03778914387773283
Mark Amodei,0.5410758819013006,0.009683914448264523,0.470484850040957,-0.021244646390522155,0.0,0.025893550720108575,0.8493888229148995,0.12471762636499192
Jacky Rosen,0.566384753098656,0.3276034407138654,0.049618569927936056,0.05639323625954258,0.0,0.21024752723803786,0.18480679193653662,0.6049456808254255
Ruben Kihuen,0.5068616416904163,0.06531117122005335,0.610331545286298,-0.18250435819676755,0.0,0.17670410534469402,0.40153708365608054,0.4217588109992254
Dean Heller,0.5743526685827616,0.09084543969049146,0.304885975613029,0.02991591611371804,0.0,0.00958219477479689,0.8394764891699666,0.1509413160552365
Catherine Cortez Masto,0.5283034529760543,0.32538311574237205,0.05955447430855597,0.08675895697301768,0.0,0.25144357539413226,0.26258052313614666,0.4859759014697211
Carol Shea-Porter,0.4737501272332196,0.23071918853971668,0.5022946234560526,-0.2067639392289888,0.0,0.28632123395215664,0.006927126627874758,0.7067516394199685
Ann Kuster,0.5397210706124465,0.0999929448538688,0.34725160205627614,0.013034382477408585,0.0,0.20461599968428223,0.5775052805512707,0.2178787197644471
Maggie Hassan,0.5647120366727689,0.3041205022348597,0.05236583062894743,0.07880163046342394,0.0,0.299432804220276,0.13664297842406592,0.5639242173556581
Jeanne Shaheen,0.5302349624522634,0.2753901348391555,0.156469745834307,0.0379051568742741,0.0,0.12007424705862421,0.6010477487703964,0.2788780041709794
Don Norcross,0.5413167832318952,0.010154531882287434,0.45575019621672996,-0.007221511330912676,0.0,0.31005624089616773,0.6561831926476098,0.03376056645622246
Frank LoBiondo,0.24990554326118639,0.011510228315431532,0.7884438926971447,-0.049859664273762615,0.0,0.4447339039821362,0.44733903982136214,0.10792705619650167
Thomas MacArthur,0.2695885064987974,0.011595721153286541,0.3022497912744796,0.12874168933812052,0.28782429173531593,0.048648595099335126,0.7420902691487946,0.20926113575187022
Chris Smith,0.5241040214102792,0.16802757954850786,0.3071192517939306,0.0007491472472823488,0.0,0.5184121180464873,0.26142595978062155,0.2201619221728911
Josh Gottheimer,0.7192924900705511,0.034238025408790555,0.24152887822369473,0.004940606296963684,0.0,0.11279958740554187,0.675153785486535,0.21204662710792307
Frank Pallone Jr.,0.3188814028097296,0.011069875040673147,0.6727320795538227,-0.0026833574042254404,0.0,0.11944246703760336,0.8712468729483296,0.009310660014067077
Leonard Lance,0.5118852097269421,0.04329499530297394,0.4678076394449313,-0.02298784447484727,0.0,0.0868267466647204,0.7452243192069992,0.16794893412828044
Albio Sires,0.35099758490894456,0.004022976001392485,0.6455190270011532,-0.0005395879114901764,0.0,0.49109096592685214,0.4682713347921225,0.04063769928102532
Bill Pascrell Jr.,0.38837259538059493,0.007224717597364634,0.6124691534847464,-0.008066466462705946,0.0,0.2316054690253013,0.7595848897032913,0.008809641271407428
Donald M Payne Jr.,0.173884861755731,0.009598258644097387,0.8126166584019122,0.003900221198259387,0.0,0.38399520393608005,0.5887426870361565,0.027262109027763423
Rodney Frelinghuysen,0.46550932816275353,0.024600441339583706,0.7102565722847388,-0.2003663417870761,0.0,0.05602009253985763,0.8819576621481572,0.06202224531198523
Bonnie Coleman,0.4365870234280369,0.09378110919180335,0.4873750209943596,-0.017743153614199862,0.0,0.4711099743778288,0.4430214979607309,0.08586852766144024
Robert Menendez,0.6742350041100705,0.0327425974521067,0.15834133249407,0.1346810659437528,0.0,0.1507548044721521,0.5764300066979237,0.2728151888299243
Cory Booker,0.6789580159255031,0.12126868755000741,0.09460950234739778,0.1051637941770917,0.0,0.12110550407538616,0.7512680506217774,0.1276264453028365
Michelle Lujan Grisham,0.5963029218843172,0.10554561717352415,2.6833631484794274,-2.385211687537269,0.0,0.39344262295081966,0.32786885245901637,0.2786885245901639
Ben Ray Lujan,0.25993554270193425,0.04599660070837381,0.6881719216870498,0.005895934902642196,0.0,0.13170201414792146,0.8353226290103077,0.03297535684177082
Martin Heinrich,0.5067522221733758,0.11981344780850632,0.30986550975530136,0.06356882026281649,0.0,0.09357723657157203,0.7264391422805019,0.17998362114792613
Tom Udall,0.5756147909175071,0.20361976939822793,0.19970577100669204,0.02105966867757293,0.0,0.1257347255810237,0.6333381512059958,0.24092712321298052
Lee Zeldin,0.4684741913360242,0.17455044241817794,0.263694500972533,0.0932808652732649,0.0,0.10639252049049044,0.7086997561215207,0.1849077233879889
Pete King,0.5175357449565335,0.07931764422280144,0.3980534253386166,0.005093185482048423,0.0,0.3227858934192607,0.6245637274235918,0.05265037915714743
Tom Suozzi,0.6591183113105429,0.027751462947812,0.3121093918205589,0.001020833921086197,0.0,0.27196813453028923,0.512907532034737,0.21512433343497375
Kathleen Rice,0.4857643209430666,0.06383922833737694,0.3567446165201801,0.09365183419937634,0.0,0.11801516646190531,0.8286278568244035,0.05335697671369117
Gregory W Meeks,0.2353175811549803,0.011698847821582111,0.7557796199747246,-0.002796048951287068,0.0,0.0707669464319949,0.9143089479013741,0.014924105666631068
Grace Meng,0.6863738217444092,0.03378412453248007,0.28202337430271884,-0.0021813205796080396,0.0,0.2795012221586459,0.6046033323928732,0.11589544544848081
Nydia M Velazquez,0.31501998709478934,0.04411344599089444,0.6410303791854535,-0.0001638122711372767,0.0,0.16080748219685884,0.779596197931909,0.059596319871232074
Hakeem Jeffries,0.4916099421553591,0.01284070608373974,0.48498739136179037,0.01056196039911079,0.0,0.2612673593883636,0.6904772030298305,0.04825543758180589
Yvette D Clarke,0.3464978196290689,0.0762501317095624,0.5849466599379255,-0.007694611276556807,0.0,0.21113361764915256,0.678526821249911,0.11033956110093643
Jerrold Nadler,0.46217257345239027,0.08639045178636623,0.4062767630791488,0.04516021168209471,0.0,0.3062944538091518,0.6536611437733832,0.04004440241746495
Dan Donovan,0.5422117678889218,0.028882881664151563,0.4186995472812384,0.010205803165688225,0.0,0.2127852694671231,0.5189310305502637,0.2682836999826132
Carolyn B Maloney,0.5256620115809449,0.044627025448883265,0.42951048610773196,0.00020047686243978395,0.0,0.1847227583164628,0.7527325801881325,0.06254466149540472
Adriano Espaillat,0.5201297243479619,0.02617547438700609,0.4473708613150086,0.006323939950023427,0.0,0.3958142992526345,0.3911014135819634,0.21308428716540215
Joseph Crowley,0.3391153291646384,0.008786380426911723,0.5436642785050231,0.10843401190342686,0.0,0.10974840890752334,0.8493878218183988,0.04086376927407784
Jose E Serrano,0.24915862472162498,0.014038947502028916,0.7406487147632034,-0.0038462869868572374,0.0,0.4722602401111568,0.4566483313471516,0.0710914285416916
Eliot L Engel,0.691595138288915,0.004664880153484185,0.30906010322315497,-0.005320121665554135,0.0,0.21140909726725926,0.6522421020952284,0.13634880063751234
Nita M Lowey,0.6420695689947872,0.028799007369829634,0.33187201661706844,-0.0027405929816852743,0.0,0.23837520445620303,0.6878019733321273,0.07382282221166965
Sean Patrick Maloney,0.5557214831018068,0.10066314262599371,0.31249920187014035,0.031116172402059137,0.0,0.21238867636545136,0.6213230196841043,0.16628830395044433
John Faso,0.5235113843798755,0.052865306015006386,0.3360530842461322,0.08757022535898586,0.0,0.04792049421461559,0.628859833366634,0.3232196724187504
Paul Tonko,0.22657408403883866,0.12707690606017125,0.6443924283732722,0.0019565815277179893,0.0,0.1931358812066161,0.7675945674206291,0.03926955137275474
Elise Stefanik,0.3354034515941673,0.047460312810991036,0.518820382651585,0.09831585294325666,0.0,0.05622965986920222,0.7202653763972036,0.22350496373359421
Claudia Tenney,0.3135649020143603,0.06652205642218666,0.4250291303629099,0.19488391120054313,0.0,0.01447775131566565,0.6065041297785628,0.37901811890577153
Tom Reed,0.42028240648417475,0.027619719267931508,0.5429615529740355,0.009136321273858243,0.0,0.042598532022233196,0.8696813845493506,0.08772008342841613
John Katko,0.33324579460952236,0.03150343592509535,0.4958885174429661,0.1393622520224162,0.0,0.10635800839128011,0.6669791391602852,0.2266628524484347
Joseph D Morelle,0.3166812967195557,0.029692106396369537,0.5820842580630914,0.07154233882098336,0.0,0.22601013976355433,0.7477866352670687,0.02620322496937702
Louise M Slaughter,0.3481625009270934,0.155523622339242,0.6168415782837647,-0.12052770155010012,0.0,0.4183225266680611,0.44647885057841136,0.1351986227535276
Brian M Higgins,0.34207630908072123,0.04424305058204043,0.6168431774917156,-0.003162537154477277,0.0,0.2453547060610798,0.7323753167413474,0.022269977197572854
Chris Collins,0.2888459043982399,0.013882623481682987,0.5418005185478837,0.15547095357219343,0.0,0.06213418498589554,0.826589012743031,0.1112768022710735
Kirsten Gillibrand,0.5909410607310078,0.3272081044748776,0.06181661101045132,0.020034223783663253,0.0,0.11622855182430732,0.6022306263035633,0.28154082187212937
Charles E Schumer,0.7383301010969558,0.024181261844703806,0.18963794411824902,0.04785069294009138,0.0,0.0650115874248888,0.8798999979294254,0.055088414645685736
G K Butterfield,0.12220616253859799,0.012995203994481308,0.8641350765389921,0.0006635569279285198,0.0,0.10720053037652476,0.8634554152233876,0.029344054400087586
George Holding,0.41253787477191434,0.014877182507574955,0.5905161710628373,-0.017931228342326556,0.0,0.004088773105218735,0.8786352843595667,0.11727594253521456
Walter B Jones Jr.,0.5327424192617094,0.08075787795535101,0.3817323070686563,-0.00034235317562377257,0.005109748889907053,0.12383827900174553,0.7666179176298533,0.1095438033684012
David Price,0.3752400548696845,0.08918174494306182,0.5361769765061946,-0.000598776318940928,0.0,0.338201012187315,0.6346462779770748,0.02715270983561015
Virginia Foxx,0.5333705870582783,0.023039732936112285,0.45022737028606413,-0.006637690280454706,0.0,0.002425639592647789,0.9315717368355688,0.06600262357178341
Mark Walker,0.24191955662887266,0.01931665760515233,0.4565600153117987,0.28220377045417633,0.0,0.016256884790708866,0.8924948465675213,0.09124826864176978
David Rouzer,0.40341881764556,0.013440443738228247,0.5814653246282655,0.0016754139879462382,0.0,0.02583691961010965,0.9244000498764883,0.04976303051340206
Richard Hudson,0.37082889814631315,0.018502544656629694,0.5925868871014206,0.018081670095636593,0.0,0.01676799660168602,0.9066937842433931,0.07653821915492091
Robert Pittenger,0.2721378990673592,0.011913969366615845,0.6489121854235245,0.06703594614250055,0.0,0.004659998726267015,0.7468067358728255,0.24853326540090745
Patrick McHenry,0.23041595039161133,0.0024762396738501375,0.5139764733116986,0.25313133662283993,0.0,0.010851714932683195,0.9704597027594706,0.01868858230784627
Mark Meadows,0.46304479174497637,0.316131098061818,0.27187116282566387,-0.05104705263245821,0.0,0.11619706213410555,0.7614444002109735,0.122358537654921
Alma Adams,0.18235775928585843,0.040916621868889766,0.7770681734547311,-0.0003425546094792661,0.0,0.29592412420297415,0.5991441618853985,0.10493171391162727
Ted Budd,0.4750021837752237,0.09433691675275015,0.40119536161796665,0.029465537854059497,0.0,0.008140582431537702,0.7197946402405271,0.2720647773279352
Thom Tillis,0.5850644648191493,0.10147228077435373,0.22313333649443,0.07236914137430114,0.017960776537765767,0.0014433490316250602,0.767149632635597,0.2314070183327779
Richard Burr,0.5078367026724887,0.039921606853661785,0.32912077249185245,0.12312091798199712,0.0,0.00045961194503868437,0.8466939078666491,0.1528464801883122
Kevin Cramer,0.5393184121404337,0.08692929665568727,0.24280094114861764,0.1309513500552613,0.0,0.0011628745328151565,0.6065995455486326,0.3922375799185523
John Hoeven,0.4136485213352133,0.03609924000652929,0.4650586800302815,0.05948770810492614,0.025705850523049793,0.011288670580072468,0.8032603673524829,0.18545096206744463
Heidi Heitkamp,0.4702090959904848,0.37724731180577636,0.13562863040060213,0.01691496180313665,0.0,0.0851371496174315,0.7641922719575518,0.1506705784250167
Steve Chabot,0.47745494527585663,0.04431778670558709,0.47822726801855625,0.0,0.0,0.0040174276009328465,0.6951565892843153,0.3008259831147518
Brad Wenstrup,0.2376259709001885,0.06371074231093866,0.4931133383544989,0.20554994843437396,0.0,0.005510074482431816,0.9147880756478126,0.07970184986975562
Joyce Beatty,0.24854880635702353,0.017452023027843242,0.7560330393093486,-0.022033868694215364,0.0,0.13592863057855484,0.8358520845939618,0.02821928482748339
Jim Jordan,0.4610330926613885,0.2794809684114038,0.24682322715579985,0.012662711771407915,0.0,0.023251488095238096,0.8258201962425595,0.15092831566220238
Robert E Latta,0.2768944102536727,0.03655806965766013,0.6898731763862515,-0.003325656297584276,0.0,0.009022477698690749,0.9475478258986614,0.04342969640264792
Bill Johnson,0.3954147987015303,0.026815667435053894,0.5860316037612829,-0.008262069897867126,0.0,0.09740415657514301,0.8354096275174444,0.0671862159074126
Bob Gibbs,0.27663556358704505,0.024740397255655192,0.6986240391572998,0.0,0.0,0.07158557271185238,0.7640212275084948,0.16439319977965278
Warren Davidson,0.4194987431679998,0.06984793010538111,0.656566325938934,-0.145912999212315,0.0,0.0,0.8774961945596728,0.12250380544032721
Marcy Kaptur,0.2019746037256332,0.037595708824965705,0.7598429021648879,0.0005867852845131431,0.0,0.38330822678427046,0.5955116871265471,0.02118008608918249
Michael R Turner,0.4681379658752017,0.032953897299675704,0.47223082313446213,0.026677313690660495,0.0,0.15124172896794708,0.6588467818166194,0.18991148921543352
Marcia L Fudge,0.18284733459555427,0.01790475691328018,0.807482917433717,-0.008235008942551476,0.0,0.2871358097567146,0.6581776784584897,0.054686511784795715
Troy Balderson,0.48858855719135724,0.080523395164138,0.4032135184772381,0.027674529167266693,0.0,0.05266250004831422,0.6056670647758413,0.34167043517584444
Pat Tiberi,0.34458433788731135,0.008811131535759043,0.9050377034895357,-0.2584331729126061,0.0,0.05803143535951435,0.9187559904966799,0.02321257414380574
Tim Ryan,0.46545226169984555,0.08325970804939854,0.44538527573634157,0.00590275451441438,0.0,0.3450301085629947,0.6243892550543093,0.03058063638269601
David P Joyce,0.4569026426106582,0.017884780068547528,0.5265780659609041,-0.0013654886401098633,0.0,0.19275050715046982,0.6631809869862857,0.14406850586324454
Steve Stivers,0.3001128412015656,0.0060717566347398295,0.6039643114632378,0.08985109070045674,0.0,0.057147778520967196,0.8981449509132778,0.04470727056575496
Jim Renacci,0.30828269730471636,0.12188624080585418,0.149181159085396,0.29973927024414754,0.12091063255988592,0.031054196071860853,0.5048083450568942,0.46413745887124497
Sherrod Brown,0.5253002618982986,0.24311074187769846,0.1356319508945924,0.09595704532941056,0.0,0.11796314666760081,0.7088290041256582,0.17320784920674095
Rob Portman,0.6477223536745347,0.049599869221650425,0.23061952179076398,0.07205825531305086,0.0,0.006086436278055387,0.8413420690692078,0.15257149465273673
Kevin Hern,0.5233276582964396,0.024406880243453655,0.5786927392697476,-0.1264272778096408,0.0,0.02198439986985235,0.8887589366585471,0.08925666347160055
Markwayne Mullin,0.309922846747724,0.016098921990902352,0.6511597149895022,0.02281851627187143,0.0,0.0038528852813039705,0.9171725986651679,0.07897451605352813
Frank D Lucas,0.13456622185873524,0.003277873749470301,0.8648737114525292,-0.0027178070607347814,0.0,0.001050803181411712,0.9666895391492487,0.03225965766933956
Tom Cole,0.44289274061003564,0.01283188323289953,0.5354790324382225,0.008796343718842315,0.0,0.055165655919648886,0.8991123004452523,0.045722043635098825
Steven Russell,0.38835356205527605,0.020049753286443546,0.5972815713869123,-0.005684886728631932,0.0,0.040928145850495576,0.7175487698044332,0.2415230843450713
James Lankford,0.6027468432179216,0.08231889464534438,0.310289016870986,0.004645245265748079,0.0,0.027527086253930588,0.7837887004901417,0.18868421325592769
James M Inhofe,0.43507399284173487,0.10291232760683598,0.4427018147011278,0.01931186485030136,0.0,0.019751244558072794,0.8283299909328008,0.15191876450912645
Suzanne Bonamici,0.4173944423627197,0.11038842144706364,0.5813579421583323,-0.10914080596811555,0.0,0.1943959215188071,0.7763479486210667,0.0292561298601262
Greg Walden,0.32684940474633134,0.03637664445543263,0.5629856099738423,0.07378834082439373,0.0,0.02528063121198587,0.9534252986517645,0.02129407013624964
Earl Blumenauer,0.27961474280600734,0.08037388770041112,0.634419781830842,0.0055915876627394764,0.0,0.13336746393162982,0.8444193245153061,0.02221321155306412
Peter DeFazio,0.24605155415071583,0.1704820524678453,0.586448248013079,-0.002981854631640211,0.0,0.2610762173207841,0.6937806470550603,0.04514313562415562
Kurt Schrader,0.26403110577962763,0.028947110671058998,0.7098132159803567,-0.0027914324310433277,0.0,0.06389968501214094,0.9031062081106811,0.03299410687717797
Jeff Merkley,0.4259454237601181,0.4282561332727226,0.10949398326474455,0.036304459702414714,0.0,0.1772598537992674,0.5003951632278556,0.32234498297287706
Ron Wyden,0.5229327983673762,0.0973589156797486,0.2993913777233959,0.08031690822947939,0.0,0.029874944903251415,0.9068186242303349,0.06330643086641372
Robert A. Brady,0.6975464188498535,0.004781356827006242,0.5275592614919181,-0.22988703716877779,0.0,0.5332400279916025,0.4457662701189643,0.02099370188943317
Dwight Evans,0.5596256253025658,0.06516952647338317,0.38156724579993906,-0.006362397575887974,0.0,0.35390610177901666,0.563861200702461,0.0822326975185223
Mike Kelly,0.32010635930599113,0.017460899549068033,0.6607936262358151,0.0016391149091257702,0.0,0.034920854792683614,0.8760519179988487,0.0890272272084676
Scott Perry,0.46454050345679043,0.1510560940649923,0.3662448733463011,0.018158529131916134,0.0,0.01427959445951735,0.6790946737112666,0.30662573182921604
Glenn Thompson,0.48928585828331816,0.04853943230384646,0.46298037600654324,-0.0008056665937078807,0.0,0.0384295243406066,0.8622309728883794,0.099339502771014
Ryan Costello,0.40654336133289537,0.010143602967849292,0.8723513449696504,-0.28903830927039503,0.0,0.08161356870335522,0.7584259427946802,0.1599604885019645
Patrick Meehan,0.27310628648387714,0.00510115085208488,0.8871844486903327,-0.16539188602629476,0.0,0.0866636953399693,0.8621799633536374,0.05115634130639331
Mary Gay Scanlon,0.5812599690656871,0.1440590410362995,0.26969494658997534,0.004986043308038088,0.0,0.26435473167994733,0.6034625074855549,0.13218276083449776
Brian Fitzpatrick,0.4090169051453218,0.030059010756959863,0.44211660743126446,0.11880747666645385,0.0,0.17472084610740712,0.5041825322226229,0.32109662166997005
Bill Shuster,0.40742956488221665,0.0014253650741390595,0.7132848040022646,-0.12213973395862025,0.0,0.1264407835663631,0.8476565697287326,0.025902646704904313
Tom Marino,0.4323100342509197,0.01365089432956996,0.5155537232018267,0.038485348217683624,0.0,0.04869996079028798,0.7702360824253079,0.181063956784404
Lou Barletta,0.4983410836368388,0.3554967853948372,0.12129568162862346,0.024866449339700496,0.0,0.06859220220981212,0.5977410301405569,0.33366676764963105
Keith J Rothfus,0.446459133681871,0.038737396289376516,0.3993682807090334,0.11543518931971902,0.0,0.0,0.6397847633528123,0.3602152366471877
Brendan Boyle,0.2653786302191724,0.017641684861438505,0.7123146647304361,0.004665020188952918,0.0,0.2953016243401005,0.5818818865969296,0.1228164890629699
Mike Doyle,0.19421614894587036,0.004870469919695495,0.7977242762905121,0.00318910484392205,0.0,0.2699116357351701,0.7009223629562531,0.02916600130857683
Susan Wild,0.5760400025538321,0.12234048897467145,0.2941004371683614,0.007501531246908565,1.754005622640424e-05,0.21882907819414796,0.16644977756256998,0.6147211442432821
Charlie Dent,0.3800589052600617,0.011922316269385133,0.7267620297158073,-0.1187432512452541,0.0,0.07587408403930278,0.8839622613978925,0.040163654562804775
Lloyd Smucker,0.30838977298047976,0.011923577176791256,0.6353897315251918,0.04429691831753714,0.0,0.010255379459295373,0.6453905145944305,0.34435410594627414
Matt Cartwright,0.5016576817326186,0.04941873687364355,0.43375094255219976,0.015172638841538145,0.0,0.3042480076899786,0.3787177293789911,0.31703426293103026
Conor Lamb,0.45664362967733757,0.4544602881681533,0.07441325755932497,0.014482824595184145,0.0,0.5497007595234469,0.05880765223265513,0.39149158824389796
Pat Toomey,0.6076755023357336,0.1683408172007915,0.1888466412353889,0.03513703922808592,0.0,0.008129783869695824,0.823656327879132,0.16821388825117214
Bob Casey,0.5719721465702406,0.1699106331432529,0.1858145320676183,0.07230268821888812,0.0,0.09029376084464084,0.746478662342192,0.16322757681316716
David Cicilline,0.6660420881564909,0.04008153642498636,0.28139031557851824,0.012486059840004476,0.0,0.4033089667499255,0.46882375856458675,0.12786727468548775
Jim Langevin,0.5026860008226676,0.02859958901853292,0.4744977455913738,-0.006047575552856392,0.00026424012028210275,0.34526134721072405,0.5988527282750573,0.055885924514218706
Sheldon Whitehouse,0.7154528238556106,0.038282408866072176,0.22354995186154042,0.02271481541677676,0.0,0.1642410121927011,0.5098805804854095,0.3258784073218894
Jack Reed,0.47415874844905764,0.03330346753285049,0.46163235123996,0.030905432778131882,0.0,0.12080514117862591,0.7151144599765749,0.16408039884479922
Mark Sanford,0.8535866412935528,0.011597752389970127,0.3504253611238579,-0.21560975480738076,0.0,0.03466204506065858,0.7374350086655113,0.22790294627383015
Joe Wilson,0.4097080820034208,0.04018164425258996,0.5332777572827783,0.01683251646121095,0.0,0.009016549877299784,0.8626478902024667,0.1283355599202336
Jeff Duncan,0.26778058085227646,0.13498427329640442,0.5972351458513191,0.0,0.0,0.004672085039423054,0.8722427690139845,0.12308514594659246
Trey Gowdy,0.2775023927406805,0.5942769052425984,0.07583222321530769,0.05238847880141348,0.0,0.047552856829321824,0.7253639622503475,0.22708318092033067
Ralph Norman,0.5406031481496463,0.0692972003820095,0.15947239850416856,0.0014061462846725818,0.22922110667950304,0.007607802562307903,0.6910420660763011,0.3013501313613909
Mick Mulvaney,0.510661190315074,0.009485209315725779,0.6086824299991197,-0.12882882962991946,0.0,0.007373532851300912,0.9309822578052532,0.06164420934344589
James E Clyburn,0.11451306715346297,0.021518822561440526,0.8627352034849093,0.0012329068001871726,0.0,0.15435657609681808,0.8290639762963581,0.016579447606823783
Tom Rice,0.4150117872313431,0.0048859820054889605,0.5826653688644081,-0.0025631381012401104,0.0,0.0033540876825601976,0.9635164702475653,0.03312944206987459
Tim Scott,0.5143001513731508,0.030087105488347587,0.4261248375728001,0.029487905565701515,0.0,0.005217623719115455,0.8778005595312353,0.11698181674964933
Lindsey Graham,0.7132197205390053,0.04417763766285524,0.18379123535342953,0.05881140644470999,0.0,0.009896935362773873,0.7713931642891271,0.21870990034809912
Kristi Noem,0.0242101440503571,0.04438526409232135,0.906871645886293,0.02453294597102853,0.0,0.0,0.8526315789473684,0.14736842105263157
John Thune,0.4190971057524869,0.07466194226408854,0.38363953322958577,0.12260141875383883,0.0,0.02195732232539574,0.8969691289861433,0.08107354868846092
Mike Rounds,0.5796576182991445,0.0404598372905609,0.35820973753815655,0.02010051897457804,0.0015722878975600136,0.007952611524015751,0.7465843533504353,0.245463035125549
Phil Roe,0.8558349207058548,0.08586056072886933,0.05027455493053732,0.0080299636347386,0.0,0.0,-0.11267605633802817,1.1126760563380282
John J Duncan Jr.,0.1635966502480479,0.0017686124351140313,0.7198252610914108,0.07943722752314672,0.035372248702280625,0.08227848101265822,0.8037974683544303,0.11392405063291139
Chuck Fleischmann,0.5557137028134982,0.007132565300826899,0.44008246679970164,-0.0029287349140266878,0.0,0.023866392264351503,0.8597390485387343,0.11639455919691426
Scott Desjarlais,0.5857715684851869,0.01572691521388935,0.39886704493063224,-0.00036552862970847715,0.0,0.0,0.5682921192512133,0.4317078807487867
Jim Cooper,0.35643141446297294,0.028290791797394257,0.6751864663900796,-0.059908672650446866,0.0,0.11318723874392063,0.8419649874141486,0.04484777384193082
Diane Black,0.08668002983793335,0.012181044577705729,0.9616065810145731,-0.06046765543021216,0.0,0.0,0.9604864457219239,0.039513554278076075
Marsha Blackburn,0.5691517322514346,0.1088300041094785,0.1792880477782776,0.14273021586080936,0.0,0.0021987889254664575,0.6890092165068826,0.3087919945676509
David Kustoff,0.6155119312501632,0.010817555999344607,0.42677282776209213,-0.05310231501159999,0.0,0.014575033661387266,0.8508515983953582,0.13457336794325453
Steve Cohen,0.287034444133296,0.012224980511174854,0.7007405753555291,0.0,0.0,0.3193691026728327,0.6260701198534235,0.05456077747374372
Bob Corker,0.9480693300927916,0.05751171273782733,0.301719703016202,-0.3073007458468209,0.0,0.012593962769097564,0.885473651068519,0.10193238616238341
Lamar Alexander,0.5806560499617067,0.015610045084120127,0.3817825241852915,0.021303924543459318,0.0006474562254223438,0.0027054408324864243,0.8750675166631283,0.12222704250438521
Louis B Gohmert Jr.,0.7991745707988792,0.08366694532358933,0.12917096705392625,-0.012012483176394735,0.0,0.014338425067390598,0.6742309824688856,0.3114305924637238
Ted Poe,0.6206060077857184,0.039048428330718726,0.5356312823194469,-0.19528571843588402,0.0,0.03557312252964427,0.8695652173913043,0.09486166007905138
John Lee Ratcliffe,0.5704591778771293,0.03746666933980232,0.8059423805609576,-0.4138682277778892,0.0,0.01994936186978719,0.8951112426291264,0.08493939550108641
Jeb Hensarling,0.5684054314199046,0.013429017333195948,0.593417557368933,-0.17525200612203354,0.0,0.0,0.9845559845559846,0.015444015444015444
Joe Barton,0.6531408405150824,0.011986913999330244,0.6149275432836931,-0.2800552977981058,0.0,0.004557905915706088,0.9298036909922105,0.06563840309208337
John Culberson,0.4016067935232474,0.024885739801379817,0.4142516177291033,0.15925584894626946,0.0,0.026892304594653672,0.6284097201200638,0.3446979752852825
Kevin Brady,0.2823156191751723,0.004620826193518413,0.5874537730353144,0.1256097815959949,0.0,0.011059329939241002,0.9821120948037818,0.006828575256977155
Al Green,0.6572547186141006,0.018426551650912674,0.3298434831643132,-0.006238545862056044,0.0007137924327295244,0.4814091127913233,0.43491065613230256,0.08368023107637414
Michael McCaul,0.4806808668852275,0.011156423771062981,0.46697619058754203,0.04118651875616748,0.0,0.021134184668019255,0.9375298364960019,0.04133597883597884
Mike Conaway,0.38371177648857446,0.01670690095139593,0.572519042597155,0.027062279962874556,0.0,0.007918421256843496,0.9699099992239947,0.022171579519161787
Kay Granger,0.5968128753974082,0.019431651598219146,0.38710160942467603,-0.0033461364203034518,0.0,0.02390104233058451,0.9144808448466901,0.061618112822725356
Mac Thornberry,0.5069517071894434,0.012112740314362781,0.47934019819125157,0.001595354304942246,0.0,0.0227355746568065,0.962028558913179,0.015235866430014596
Randy Weber,0.5968851692694416,0.027000436550197477,0.4082491246460273,-0.03213473046566642,0.0,0.011318216507780466,0.8696723538009805,0.11900942969123905
Vicente Gonzalez,0.4561893575304085,0.008631236543506119,0.5360723714186932,-0.0008929654926078485,0.0,0.19872365854483545,0.7136194766098026,0.08765686484536199
Beto O'Rourke,0.5472479436272523,0.46672387037873,0.0010564863591633513,-0.015028300365145622,0.0,0.07532048867933056,-0.022596146603799164,0.9472756579244687
Bill Flores,0.2589041333260003,0.0074864408554597825,0.7460554359757499,-0.012446010157209985,0.0,0.01625474435350818,0.960834193480222,0.02291106216626978
Sheila Jackson Lee,0.6251856149767913,0.010463184988010648,0.36366373715819345,0.0006874628770046418,0.0,0.46160919540229883,0.4781609195402299,0.06022988505747127
Jodey Arrington,0.599225260526503,0.01947191257664324,0.3660816388505219,0.015221188046331798,0.0,0.0038278903921865103,0.9028251745039533,0.09334693510386023
Joaquin Castro,0.35146450659281436,0.08904114705898047,0.5659521560717392,-0.006457809723534026,0.0,0.2558563185346039,0.7012993779435106,0.042844303521885486
Lamar Smith,0.6365889047345381,0.03224353107284505,0.47544042627161337,-0.14427286207899648,0.0,0.014522821576763486,0.9771784232365145,0.008298755186721992
Pete Olson,0.3535682065914023,0.015368588457772586,0.6310638572678224,-6.523169973587684e-07,0.0,0.0025359727737963005,0.9138682207107824,0.08359580651542126
Will Hurd,0.27195474545782033,0.0715052644136863,0.36513638819816935,0.291403601930324,0.0,0.015198468413651998,0.6963854373516511,0.28841609423469683
Kenny Marchant,0.20967434512858368,0.0025020554328846647,0.7094546682151736,0.07836893122335811,0.0,0.00839927699023668,0.9632671619626982,0.028333561047065067
Roger Williams,0.18729555219216873,0.004802387462161898,0.33456632653061225,0.4733357338150571,0.0,0.014148558033733813,0.9556337732469936,0.030217668719272527
Michael Burgess,0.31424045241376014,0.018685979537363888,0.6610501522891191,0.0060234157597568155,0.0,0.008021897998892979,0.9327943212092744,0.05918378079183264
Blake Farenthold,0.6218564880070501,0.025510681877666867,0.45907221223043176,-0.10643938211514865,0.0,0.07378817118855716,0.7474174140084004,0.17879441480304234
Michael Cloud,0.6809360907891379,0.056643270699488546,0.2698486442538973,-0.007428005742523712,0.0,0.004986113673419526,0.5400310136270486,0.4549828726995318
Henry Cuellar,0.3079279409811521,0.0035214498738242715,0.6660871035123942,0.014313398775672836,0.008150106856956569,0.0456446837049383,0.9218210511473537,0.032534265147708005
Gene Green,0.16840365033909144,0.023500073785269894,0.8774031006922983,-0.06930682481665965,0.0,0.20660944910991108,0.7702913578219001,0.023099193068188816
Eddie Bernice Johnson,0.3437993985708731,0.0071514964408604465,0.6490491049882665,0.0,0.0,0.2645946503472461,0.6543354191019735,0.08106993055078045
John Carter,0.4413980163176566,0.01660460578478367,0.5548125831943627,-0.012815205296802941,0.0,0.03507913853653843,0.7060067512307766,0.25891411023268496
Pete Sessions,0.5368868511370422,0.02059997700206249,0.4377673238099705,0.004745848050924796,0.0,0.0159329686352684,0.776703541625791,0.2073634897389406
Marc Veasey,0.400377788699103,0.01354088308944231,0.5862418048270028,-0.00016047661554817808,0.0,0.23200803829353728,0.7432793260486298,0.024712635657832917
Filemon Vela,0.40159822651299676,0.0039545478698858666,0.6188718258507359,-0.024424600233618504,0.0,0.16154131159688773,0.7983060392738052,0.040152649129307154
Lloyd Doggett,0.4791967855647982,0.029004666954075272,0.3907012262070041,0.10109732127412238,0.0,0.4277885805197101,0.5365623711036474,0.035649048376642505
Brian Babin,0.5058712131020755,0.03065080524179696,0.48087065204819196,-0.017392670392064453,0.0,0.04240637214388572,0.9003775069384043,0.05721612091770999
John Cornyn,0.4849515762415125,0.04383628710251366,0.24754683104377728,0.2236653056121965,0.0,0.0034520922817493113,0.8872439959746512,0.1093039117435995
Ted Cruz,0.4285655199585054,0.3123334486059947,0.034866084128775086,0.22401400558416948,0.00022094172255534834,0.002439920019421763,0.696852137186943,0.3007079427936352
Rob Bishop,0.5188090988493526,0.013985831044274822,0.4799216867724064,-0.012716616666033747,0.0,0.060930707858146346,0.8777904088102322,0.06127888333162147
Chris Stewart,0.3936232982435907,0.03504992642584044,0.5630426029909518,0.008284172339617086,0.0,0.02741172966186718,0.896749151606967,0.07583911873116586
John Curtis,0.6038662054969735,0.03727219595133096,0.3182420778035951,0.02442069768978865,0.016198823058311874,0.010312680471908258,0.6447281577427605,0.34495916178533126
Mia Love,0.35816569681190735,0.4194311204853175,0.19346190966003945,0.02894127304273565,0.0,0.0054052690562760575,0.6835773512019516,0.3110173797417723
Orrin G Hatch,0.6059791373692076,0.009508163529186533,0.6798804012152327,-0.29536770211362684,0.0,0.004167050156065087,0.9196665200348147,0.07616642980912011
Mike Lee,0.6339969635441784,0.14295993105066232,0.22645667958281882,-0.0034135741776596144,0.0,0.002190628491314158,0.7856104916500544,0.21219887985863145
Peter Welch,0.1553709471641032,0.0663162306144743,0.7530157197037856,0.025297102517636925,0.0,0.19314785008047827,0.7746608415727754,0.032191308346746376
Bernie Sanders,0.22810746120657022,0.7554535132079813,0.015014112212500392,0.0014249133729480785,0.0,0.5909065570044726,0.04931368218832681,0.35977976080720064
Patrick Leahy,0.5996165135561081,0.03367487805564196,0.32150343362849054,0.045205174759759346,0.0,0.10428949126862581,0.6389872184812934,0.25672329025008084
Rob Wittman,0.460014181148081,0.08343392254159117,0.45805430015648163,-0.0015024038461538462,0.0,0.08204634524555103,0.8556955205430374,0.062258134211411555
Scott Taylor,0.4557822823923563,0.21130479058728718,0.2535306899101986,0.07938223711015792,0.0,0.0343288538642603,0.6409990719036104,0.3246720742321293
Bobby Scott,0.23368584396943012,0.06086511230942313,0.7133010047716957,-0.00785196105054894,0.0,0.41038901413514034,0.5173890163007816,0.07222196956407807
Donald McEachin,0.39254035147406824,0.04810834806255833,0.5561110651530811,0.003240235310292437,0.0,0.2467454076805116,0.6389482527978074,0.11430633952168097
Tom Garrett,0.3858817391811927,0.07028850152860572,0.5475983743515282,-0.00376861506132664,0.0,0.006987509826185693,0.6497510699624421,0.3432614202113722
Bob Goodlatte,0.4171664270868622,0.015961050732931085,0.6778811378972524,-0.11100861571704557,0.0,0.03235664209958655,0.9462520222901313,0.02139133561028222
Dave Brat,0.632611596615216,0.2224287467641043,0.13792289757159207,0.006885495956888809,0.00015126309219878754,0.0,0.5193608878510992,0.48063911214890076
Don Beyer,0.5750347000878027,0.060360111136503046,0.36436367135348385,0.00024151742221046175,0.0,0.09140443239162656,0.8622173531643689,0.04637821444400459
Morgan Griffith,0.38482607481253894,0.06456481103495693,0.5449532690200459,0.003765979846593473,0.0018898652858646843,0.0,0.9168455065179277,0.08315449348207228
Barbara Comstock,0.42747163688944595,0.1861827463763149,0.2879146085017888,0.09843100823245038,0.0,0.028339530243946677,0.7210580523131535,0.2506024174428999
Gerry Connolly,0.41399285734371927,0.13731577309121093,0.4399899541244816,0.008701415440588247,0.0,0.23162216028474084,0.7126793279427871,0.05569851177247204
Tim Kaine,0.44170619658373406,0.13357314172133655,0.1306435991618675,0.29407706253306193,0.0,0.09187743347490525,0.7362396696759907,0.171882896849104
Mark Warner,0.6118332977237098,0.09335407190916527,0.233935179934109,0.05716848099896864,0.0037089694340473136,0.055852192757087644,0.8153375000353088,0.1288103072076035
Suzan DelBene,0.3965562871113303,0.0726059999610386,0.5313004983733615,-0.0004627854457303291,0.0,0.08919031250501695,0.889849964056304,0.020959723438678985
Rick Larsen,0.20647898570686343,0.05740268706783225,0.7346633842548844,0.0014549429704199372,0.0,0.25048842578888164,0.7290864957669765,0.02042507844414185
Jaime Herrera Beutler,0.4667888389779508,0.1518296776025232,0.38319292578522895,-0.0018114423657029552,0.0,0.01593210028532943,0.6666116285020446,0.31745627121262593
Dan Newhouse,0.3395514209657406,0.0554607930823591,0.6148297280385759,-0.009841942086675552,0.0,0.10429152481352533,0.813561041258013,0.08214743392846173
Cathy McMorris Rodgers,0.3754013195499698,0.1118628365548029,0.37966405613202375,0.13307178776320353,0.0,0.0035726614586194254,0.8310966239688964,0.16533071457248416
Derek Kilmer,0.4217697296395364,0.06068765781242817,0.5166768256865426,0.0008657868614928311,0.0,0.12140575602266568,0.8573788946925655,0.021215349284768852
Pramila Jayapal,0.6442721913035012,0.19746576180690492,0.15807597346201668,0.00018607342757717384,0.0,0.6457061268079771,0.16217816265409885,0.19211571053792398
Dave Reichert,0.22503212199947276,0.06634350708108994,0.8099968887379438,-0.10137251781850655,0.0,0.11636927851047324,0.8231186966640807,0.060512024825446084
Adam Smith,0.39801148076720433,0.02657040191171676,0.5727979225143687,0.0026201948067102448,0.0,0.16896058901011143,0.6983465742118167,0.13269283677807184
Dennis Heck,0.4254964411747114,0.05862778375899675,0.5304905097992304,-0.014614734732938573,0.0,0.14865738292496622,0.8196133732886773,0.03172924378635643
Maria Cantwell,0.7151447282184308,0.25535253443760153,0.004834030228930353,0.024668707115037356,0.0,0.04900039200313602,0.30862896903175224,0.6423706389651117
Patty Murray,0.5268126256875374,0.15240673931052556,0.27507902239248266,0.04570161260945438,0.0,0.07194675405721197,0.8032854100712589,0.12476783587152916
David McKinley,0.35313224260517734,0.016351920231501487,0.7155448403189693,-0.08502900315564808,0.0,0.2917496350943625,0.6400491515069554,0.06820121339868214
Alex Mooney,0.4868270719132088,0.08960533248192622,0.41931019678074394,0.0042573988241210465,0.0,0.01899354472726536,0.6492462095215906,0.33176024575114405
Evan Jenkins,0.8843014834576889,0.026704842703850006,0.292264220458955,-0.20327054662049387,0.0,0.0920587968971658,0.7564214783737285,0.15151972472910566
Joe Manchin,0.6007923709338698,0.04188116846553968,0.3132268284459544,0.04409963215463606,0.0,0.09775406229966346,0.7350343104899427,0.16721162721039384
Shelley Moore Capito,0.5573931697313392,0.044988544467392734,0.3447333791469034,0.05288490665436463,0.0,0.03761792637339554,0.7835304723513234,0.178851601275281
Paul Ryan,0.09741538047657047,0.09941046068097595,0.04787101857115072,0.7553031402713029,0.0,0.02500535829106237,0.9718511109523469,0.003143530756590698
Mark Pocan,0.24621018534853564,0.1581218888054286,0.6016952543427139,-0.006027328496678058,0.0,0.39221556886227543,0.5669910179640718,0.0407934131736527
Ron Kind,0.1243339599908598,0.08511766274053609,0.7772197871441727,0.013328590124431335,0.0,0.03758935825776944,0.937112725195061,0.025297916547169633
Gwen Moore,0.22546867083262961,0.04070837455063093,0.737632156730282,-0.0038092021135425966,0.0,0.19183692345638412,0.7750837581188852,0.03307931842473074
Jim Sensenbrenner,0.3150134993694652,0.15623721650618827,0.5056973827868229,0.018255887107467395,0.004796014230056339,0.0,0.8466661877443786,0.15333381225562134
Glenn S Grothman,0.559036882433065,0.10252846769939959,0.32924634697835364,0.0024647619986192908,0.0067235408905624554,0.0200031389541128,0.7085973491224776,0.2713995119234095
Sean P Duffy,0.4556980088890216,0.06471297354118079,0.4003544325221707,0.07923458504762687,0.0,0.02562648206487942,0.9213916204820513,0.05298189745306937
Mike Gallagher,0.6690255459670866,0.012040507504551575,0.3205880964390696,-0.001654149910707852,0.0,0.023211267346687856,0.764518245549929,0.21227048710338323
Tammy Baldwin,0.527401480024664,0.3552570547009483,0.0763232625219089,0.041018202752478736,0.0,0.12783924770170063,0.5908483341972091,0.2813124181010903
Ron Johnson,0.700892804450377,0.15654091871006665,0.14201903699318644,0.000547239846369858,0.0,0.012945509202857529,0.7603558825443454,0.2266986082527971
Liz Cheney,0.37313300367693675,0.010386481782449832,0.5756699747570801,0.040810539783533314,0.0,0.004208904779842713,0.8870245778994619,0.1087665173206954
John A Barrasso,0.4795909007956513,0.02445428442797091,0.4619585944825611,0.03399622029381667,0.0,0.004639482672375761,0.8740925945139945,0.12126792281362973
Mike Enzi,0.382851568783972,0.014047993434523409,0.5712975261233258,0.031802911658178785,0.0,0.006839592852716663,0.80186976229679,0.19129064485049335
